dibaryon; 5.130632; 
dibaryon; 10.557070; 5.130632; 
dibaryon; 0.000689; 
dibaryon; 0.002536; 0.000689; 
